,0,1,2,3,4,5,6,7,8,9
BCH,ZEE(nan),CWS(nan),BOLT(nan),LAYER(nan),EOSC(nan),LINK(nan),KLV(nan),MSWAP(nan),SYLO(nan),RFUEL(nan)
BRG,ZEE(nan),CWS(nan),BOLT(nan),LAYER(nan),EOSC(nan),LINK(nan),KLV(nan),MSWAP(nan),SYLO(nan),RFUEL(nan)
PMGT,ZEE(nan),CWS(nan),BOLT(nan),LAYER(nan),EOSC(nan),LINK(nan),KLV(nan),MSWAP(nan),SYLO(nan),RFUEL(nan)
SERO,ZEE(nan),CWS(nan),BOLT(nan),LAYER(nan),EOSC(nan),LINK(nan),KLV(nan),MSWAP(nan),SYLO(nan),RFUEL(nan)
DMG,ZEE(nan),CWS(nan),BOLT(nan),LAYER(nan),EOSC(nan),LINK(nan),KLV(nan),MSWAP(nan),SYLO(nan),RFUEL(nan)
BLOC,ZEE(nan),CWS(nan),BOLT(nan),LAYER(nan),EOSC(nan),LINK(nan),KLV(nan),MSWAP(nan),SYLO(nan),RFUEL(nan)
LINK,SDT(0.986),SAND(0.985),PMGT(0.983),VAI(0.981),FRM(0.975),1INCH(0.974),USDJ(0.972),ONE(0.972),AVA(0.971),AVAX(0.97)
ATOM,SAND(0.993),VAI(0.992),FRM(0.99),1INCH(0.99),AVA(0.989),VELO(0.989),CUDOS(0.988),LINK(0.986),UBX(0.986),COMB(0.986)
ALGO,AVA(0.995),1INCH(0.995),COMB(0.993),SDT(0.993),AVAX(0.991),ONE(0.991),GAS(0.99),FRM(0.99),VAI(0.988),ACE(0.988)
BTC,LINK(0.983),STND(0.979),ONE(0.969),SAND(0.967),SDT(0.966),VRA(0.965),PLU(0.964),NIM(0.964),VAI(0.963),GAS(0.957)
WAVES,SDT(0.992),UBX(0.991),ONE(0.991),COMB(0.989),SWINGBY(0.989),1INCH(0.989),OMG(0.989),SAND(0.988),VELO(0.988),FTM(0.987)
ONE,1INCH(0.992),API3(0.991),CUDOS(0.99),SAND(0.99),GAS(0.99),SDT(0.99),YFI(0.987),SUKU(0.986),UBX(0.985),AVA(0.984)
KSM,COMB(0.997),OMG(0.996),SAND(0.995),API3(0.994),UBX(0.993),AVA(0.992),FRM(0.992),SWINGBY(0.992),ACE(0.992),LYXe(0.991)
NANO,SDT(0.978),SAND(0.977),1INCH(0.975),VAI(0.974),COMB(0.973),LINK(0.972),AVAX(0.969),AVA(0.969),OMG(0.968),WIN(0.966)
VET,SWINGBY(0.994),DOGE(0.992),VAI(0.991),AVA(0.991),UBX(0.991),SAND(0.991),FRONT(0.99),LYXe(0.99),COMB(0.99),BSV(0.99)
LUNA,SAND(0.995),COMB(0.994),ACE(0.992),1INCH(0.992),GAS(0.991),ONE(0.991),LYXe(0.99),VELO(0.99),AVAX(0.989),CGG(0.989)
RNDR,LINK(0.97),AVAX(0.952),OXEN(0.951),SDT(0.95),SAND(0.946),FRM(0.941),VAI(0.937),PMGT(0.935),AVA(0.934),USDJ(0.93)
AVAX,SAND(0.991),AVA(0.989),SUKU(0.987),1INCH(0.986),COMB(0.985),WIN(0.985),ACE(0.984),FRM(0.983),SDT(0.982),CGG(0.981)
LTC,1INCH(0.997),LYXe(0.996),UBX(0.996),ACE(0.996),OMG(0.995),AVA(0.994),ARPA(0.994),DOGE(0.993),CGG(0.993),SAND(0.993)
CHZ,CUDOS(0.992),AVA(0.991),SAND(0.99),FRM(0.99),FRONT(0.988),VIDT(0.988),API3(0.988),1INCH(0.988),CGG(0.986),SUKU(0.986)
COMP,SWINGBY(0.991),ONE(0.989),PLU(0.987),OMG(0.986),BSV(0.985),ORN(0.985),VAI(0.984),KCS(0.983),DODO(0.983),ROSE(0.983)
ANKR,1INCH(0.996),COMB(0.995),ARPA(0.995),UBX(0.994),HTR(0.994),ROSE(0.994),ORAI(0.993),LYXe(0.993),SWINGBY(0.993),FTM(0.992)
TARA,PLU(0.99),ONE(0.983),PMGT(0.979),BSV(0.977),NIM(0.976),KCS(0.974),SAND(0.972),MIR(0.972),ETN(0.971),DOGE(0.97)
SXP,LYXe(0.998),VELO(0.997),MITX(0.996),BTC(0.996),COMB(0.996),FTM(0.996),ORN(0.996),REN(0.995),ORAI(0.995),ARPA(0.995)
CRV,UBX(0.997),LYXe(0.996),SKEY(0.994),REN(0.993),KAI(0.993),XHV(0.993),COMB(0.993),ORN(0.993),KAT(0.992),MITX(0.992)
1INCH,FTM(0.995),UBX(0.994),ONE(0.994),ORN(0.994),REN(0.993),FRONT(0.993),ROSE(0.993),ARPA(0.993),LRC(0.993),OMG(0.993)
AVA,API3(0.995),FRONT(0.993),REN(0.992),GAS(0.992),YFI(0.991),UBX(0.99),FRM(0.99),1INCH(0.99),SUKU(0.989),VELO(0.989)
UNFI,LYXe(0.996),MITX(0.994),BTC(0.994),VIDT(0.993),COMB(0.993),ROSE(0.993),ACE(0.993),API3(0.992),DOGE(0.991),ETH3S(0.991)
MANA,COMB(0.996),LYXe(0.995),ROSE(0.994),CGG(0.993),HORD(0.993),UBX(0.993),ARPA(0.993),XHV(0.992),AVA(0.992),BTC(0.992)
VRA,LRC(0.976),ONE(0.975),VAI(0.97),NIM(0.97),SWINGBY(0.969),SDT(0.968),PMGT(0.965),VELO(0.964),FRM(0.963),FRONT(0.962)
LRC,CUDOS(0.995),FRONT(0.994),SUKU(0.994),UBX(0.994),1INCH(0.994),CHR(0.993),LYXe(0.993),BTC(0.993),CGG(0.992),HORD(0.992)
XTZ,MITX(0.999),UBX(0.998),BTC(0.998),XHV(0.997),ROSE(0.997),ARPA(0.997),REN(0.996),CGG(0.996),ORAI(0.996),HORD(0.996)
WAXP,CGG(0.993),AVA(0.988),GAS(0.988),FRONT(0.986),MITX(0.986),LYXe(0.986),BTC(0.986),ACE(0.986),ENQ(0.986),ROSE(0.985)
STX,API3(0.994),CGG(0.99),CUDOS(0.989),MXW(0.988),YFI(0.988),AVAX(0.987),1INCH(0.987),GAS(0.986),FRM(0.986),FRONT(0.985)
DOGE,STC(0.996),MITX(0.996),LYXe(0.995),ETH3S(0.995),ROSE(0.995),TOMO(0.994),BTC(0.994),XRP(0.994),COTI(0.993),XHV(0.993)
XRP,BSV(0.994),KCS(0.99),STND(0.99),ONE(0.989),NIM(0.987),MANA(0.986),DOGE(0.985),ETN(0.984),SWINGBY(0.982),STC(0.981)
BSV,COMB(0.991),CGG(0.987),AVAX(0.985),AVA(0.985),1INCH(0.985),SUKU(0.984),LYXe(0.984),DOGE(0.983),SAND(0.983),ACE(0.982)
ENJ,DODO(0.998),REN(0.997),CHR(0.996),MITX(0.996),LYXe(0.996),UBX(0.996),ARPA(0.996),HORD(0.995),WOM(0.995),ROSE(0.995)
RLY,CHR(0.995),REN(0.995),MITX(0.995),ROSE(0.995),BTC(0.994),API3(0.994),XHV(0.993),CUDOS(0.993),LYXe(0.993),UBX(0.993)
ONT,ARPA(0.999),MITX(0.998),LYXe(0.997),BTC(0.997),CHR(0.996),XHV(0.996),STC(0.996),HORD(0.996),TRIAS(0.996),XRP(0.996)
GAS,SWINGBY(0.984),ONE(0.983),TOMO(0.982),KCS(0.982),DOGE(0.981),BSV(0.981),AVA(0.979),PLU(0.979),STC(0.978),KAT(0.977)
ETC,XHV(0.999),LYXe(0.999),BTC(0.999),ROSE(0.998),REN(0.997),HORD(0.997),XRP(0.997),ARPA(0.997),CHR(0.996),DOGE(0.996)
SUSHI,UBX(0.996),DODO(0.995),ARPA(0.995),SWINGBY(0.995),ORN(0.995),REN(0.994),KAT(0.994),ORAI(0.994),LYXe(0.994),MLK(0.994)
XHV,TOMO(0.994),FTM(0.994),REN(0.993),DOGE(0.992),UBX(0.992),DODO(0.992),VELO(0.992),XHV(0.991),MITX(0.991),LYXe(0.991)
BAT,XHV(0.999),MITX(0.999),LYXe(0.998),ORAI(0.997),HORD(0.997),ROSE(0.997),SKEY(0.997),UBX(0.996),HTR(0.996),BNB(0.996)
REN,MITX(0.997),ORN(0.997),CHR(0.996),XHV(0.996),LYXe(0.996),HORD(0.996),MLK(0.996),FRONT(0.995),UBX(0.995),BTC(0.995)
ZIL,ORAI(0.998),IOST(0.997),ARPA(0.997),BTC(0.996),LYXe(0.995),XHV(0.994),MITX(0.994),HORD(0.994),ROSE(0.994),OMG(0.994)
SHR,CUDOS(0.987),FRONT(0.986),SUKU(0.983),BOSON(0.982),CHR(0.981),CAKE(0.981),API3(0.98),REN(0.979),GAS(0.979),CGG(0.978)
CELO,BTC(0.997),ORAI(0.996),XHV(0.995),MITX(0.995),LYXe(0.995),UBX(0.995),VELO(0.994),HORD(0.993),CHR(0.992),REN(0.992)
XEM,ROSE(0.999),ORAI(0.998),MITX(0.997),LYXe(0.997),HORD(0.997),HTR(0.997),UNI(0.996),CHR(0.996),XHV(0.996),WOM(0.996)
GRT,TOMO(0.993),DODO(0.993),SWINGBY(0.993),FTM(0.992),MLK(0.991),ORN(0.991),KAT(0.99),UBX(0.99),LYXe(0.989),ONE(0.989)
YFI,ORN(0.998),BNB(0.996),REN(0.995),XHV(0.995),MITX(0.995),MLK(0.995),FTM(0.995),TOMO(0.994),WOM(0.994),CHR(0.993)
CHR,WOM(0.997),REN(0.996),MITX(0.996),ROSE(0.996),ARPA(0.996),ORN(0.996),FRONT(0.995),BTC(0.995),BNB(0.995),UNI(0.994)
ADA,KCS(0.996),PLU(0.994),DODO(0.993),TOMO(0.992),STC(0.992),UOS(0.992),DOGE(0.991),XRP(0.99),SWINGBY(0.99),ONE(0.99)
QNT,VELO(0.993),SKEY(0.989),KAT(0.986),UBX(0.986),XHV(0.985),LYXe(0.984),MASK(0.983),ORAI(0.983),XDB(0.983),HORD(0.982)
ROSE,CUDOS(0.991),API3(0.99),SUKU(0.988),FRM(0.987),GAS(0.981),FRONT(0.979),CHR(0.976),1INCH(0.976),MXW(0.975),SHR(0.974)
VIDT,FRM(0.949),VIDT(0.948),NIM(0.945),SAND(0.944),GAS(0.944),ENQ(0.942),CGG(0.94),1INCH(0.94),ACE(0.938),LINK(0.935)
HTR,MIR(0.967),STND(0.957),NIM(0.955),1INCH(0.952),SAND(0.951),GRT(0.949),GAS(0.947),SWINGBY(0.947),ONE(0.946),OMG(0.946)
NEO,HTR(0.998),ARPA(0.998),XHV(0.997),HORD(0.997),WOM(0.997),BTC(0.997),IOST(0.996),MITX(0.996),LYXe(0.996),DGB(0.996)
CUDOS,NWC(0.983),LUNA(0.976),AVA(0.975),CGG(0.974),VIDT(0.974),MXW(0.974),WIN(0.972),AVAX(0.971),SUKU(0.971),DOGE(0.965)
AOA,MIR(0.969),LUNA(0.968),DOGE(0.962),AVA(0.961),OMG(0.96),NWC(0.959),DIA(0.959),COMB(0.959),1INCH(0.958),VAI(0.956)
TOMO,XRP(0.996),XHV(0.995),MITX(0.995),CELO(0.995),DOGE(0.994),KAT(0.994),STC(0.994),DODO(0.994),BNB(0.993),MLK(0.993)
THETA,MITX(0.999),BTC(0.999),HORD(0.998),ORAI(0.997),LYXe(0.997),XRP(0.997),REN(0.996),DGB(0.996),BNB(0.996),ROSE(0.996)
XMR,DOGE(0.995),STC(0.995),MITX(0.995),ROSE(0.995),UNI(0.994),COTI(0.994),BTC(0.994),XRP(0.994),ADA(0.994),AKRO(0.994)
ORN,ROSE(0.993),ETH3S(0.992),STC(0.991),ADA(0.991),AKRO(0.991),CGG(0.99),MITX(0.99),TRIAS(0.99),XRP(0.99),FRONT(0.989)
SAND,XHV(0.998),ORAI(0.997),MITX(0.997),WOM(0.997),BTC(0.997),ARPA(0.997),REN(0.996),LYXe(0.996),ROSE(0.996),MLK(0.996)
EOS,XRP(0.998),ADA(0.998),COTI(0.997),TRIAS(0.997),UNI(0.996),DOGE(0.996),MITX(0.996),ROSE(0.996),AKRO(0.996),ETH3S(0.995)
WIN,ADA(0.999),STC(0.998),TRIAS(0.998),MLK(0.998),COTI(0.997),XHV(0.997),MITX(0.997),DGB(0.997),BNB(0.997),AKRO(0.997)
SNX,DGB(0.997),UNI(0.996),ORAI(0.995),WOM(0.994),ARPA(0.994),BTC(0.993),BNB(0.993),ROSE(0.993),FTM(0.993),CHR(0.992)
IOST,HTR(0.997),ORAI(0.996),XHV(0.992),WOM(0.992),BTC(0.992),DGB(0.992),ARPA(0.992),HORD(0.991),AKRO(0.991),SKEY(0.991)
TRX,ADA(0.998),TRIAS(0.997),XRP(0.997),COTI(0.996),XHV(0.996),STC(0.996),MITX(0.996),DGB(0.996),ROSE(0.996),UNI(0.995)
ETN,PLU(0.986),BSV(0.98),JAR(0.974),KCS(0.973),UOS(0.97),STND(0.969),ONE(0.968),HAI(0.966),NIM(0.966),DODO(0.964)
KCS,BSV(0.996),UOS(0.992),PLU(0.99),STC(0.989),CELO(0.989),HAI(0.988),TOMO(0.987),TRIAS(0.987),LTC(0.987),XRP(0.986)
DOT,UNI(0.997),XRP(0.997),MLK(0.997),XHV(0.996),MITX(0.996),WOM(0.996),BTC(0.996),DGB(0.996),DODO(0.996),ADA(0.996)
ZEN,CHR(0.997),ORAI(0.997),HORD(0.997),DGB(0.997),UNI(0.996),BNB(0.996),MLK(0.996),ARPA(0.996),XHV(0.995),MITX(0.995)
DGB,XRP(0.998),ADA(0.998),STC(0.997),AKRO(0.997),ROSE(0.996),MLK(0.996),BNB(0.995),ARPA(0.995),UNI(0.994),COTI(0.994)
FTM,KAI(0.983),VELO(0.976),SKEY(0.974),YFI(0.972),API3(0.97),CUDOS(0.966),UBX(0.966),SUKU(0.965),SDT(0.964),MASK(0.963)
PUNDIX,LTX(0.983),COTI(0.981),DOGE(0.981),AKRO(0.98),BLOC(0.979),STC(0.978),MXW(0.978),DOT(0.978),COMP(0.978),TOMO(0.977)
ETH,XRP(0.998),BNB(0.997),UNI(0.996),REN(0.996),HORD(0.996),WOM(0.996),TRIAS(0.996),DGB(0.996),ADA(0.996),XHV(0.995)
UNI,DGB(0.999),BNB(0.997),SNX(0.996),STC(0.996),WOM(0.996),XRP(0.996),ADA(0.996),MLK(0.996),ARPA(0.996),ORAI(0.995)
PIVX,XRP(0.997),TOMO(0.995),ADA(0.995),AKRO(0.995),XHV(0.994),TRIAS(0.994),BNB(0.994),MLK(0.994),STC(0.993),MITX(0.993)
AAVE,UNI(0.999),SNX(0.997),WOM(0.997),XRP(0.997),XHV(0.996),ORAI(0.996),BNB(0.996),ADA(0.996),MLK(0.996),AKRO(0.996)
KDA,REVV(0.995),BOSON(0.99),BOA(0.99),AKRO(0.99),NWC(0.989),SUKU(0.988),BTC(0.988),PHA(0.987),XHV(0.987),HORD(0.987)
MASK,SKEY(0.987),KAI(0.983),ORAI(0.978),IOST(0.976),UBX(0.975),BTC(0.975),HTR(0.974),XHV(0.973),VELO(0.973),SNX(0.972)
XLM,KCS(0.986),PLU(0.984),BSV(0.982),GRT(0.982),STC(0.981),TRIAS(0.98),DOT(0.979),ETH3S(0.978),RLY(0.977),ROSE(0.976)
KLV,EQZ(0.99),CHR(0.985),BOSON(0.983),ORN(0.982),WOM(0.981),REVV(0.981),KSM(0.981),FRONT(0.98),REN(0.979),CUDOS(0.979)
AKRO,XRP(0.999),COTI(0.998),STC(0.998),TRIAS(0.998),AKRO(0.998),UNI(0.996),DGB(0.996),BNB(0.996),DOT(0.996),MLK(0.996)
COTI,ADA(0.998),STC(0.997),LTX(0.997),XRP(0.997),AKRO(0.996),DOT(0.995),UNI(0.994),XHV(0.994),MITX(0.994),TRIAS(0.994)
OMG,STC(0.991),UNI(0.99),DOT(0.99),ADA(0.99),TRIAS(0.988),ROSE(0.988),AKRO(0.988),CHR(0.987),DGB(0.987),XRP(0.987)
NWC,MXW(0.989),BOA(0.986),DIA(0.983),SUKU(0.98),AKRO(0.978),CGG(0.975),REVV(0.975),PHA(0.974),WIN(0.974),LUNA(0.973)
MLK,BOSON(0.997),KSM(0.989),REV(0.987),REVV(0.987),ADA(0.987),MXW(0.986),LTX(0.986),AKRO(0.986),BOA(0.985),TRIAS(0.985)
CAKE,ADA(0.996),COTI(0.995),AKRO(0.995),STC(0.994),TRIAS(0.994),LTX(0.993),XRP(0.993),CELO(0.992),UNI(0.991),ETH3S(0.991)
BUY,KLV(0.99),REVV(0.975),SHR(0.974),BOSON(0.974),FRONT(0.973),MXW(0.972),CHR(0.97),CUDOS(0.97),REN(0.968),KSM(0.968)
ZEC,FIL(0.986),BSV(0.984),UOS(0.983),XYM(0.981),STC(0.978),PLU(0.978),HAI(0.977),KAT(0.976),COTI(0.974),DOGE(0.974)
DASH,PMGT(0.936),LINK(0.895),VRA(0.874),CARR(0.859),STND(0.856),STRONG(0.855),SDT(0.848),MANA(0.847),BAT(0.842),VAI(0.839)
BOSON,CAKE(0.997),REVV(0.993),KSM(0.993),MXW(0.99),ADA(0.988),REV(0.987),AKRO(0.987),LTX(0.986),CHR(0.985),COTI(0.985)
DIA,COTI(0.997),DOT(0.993),ADA(0.993),STC(0.992),AKRO(0.991),XRP(0.99),REV(0.989),COMP(0.989),XYM(0.988),CHZ(0.988)
SUTER,BOSON(0.979),TRIAS(0.979),KSM(0.979),GHX(0.977),FORTH(0.977),REN(0.976),ADA(0.976),CELO(0.976),FRONT(0.975),STC(0.975)
CRO,KCS(0.992),BSV(0.992),HAI(0.991),FIL(0.99),LTC(0.989),STC(0.988),CELO(0.987),TOMO(0.986),XTZ(0.986),XRP(0.986)
MKR,GOVI(0.995),BNB(0.995),UNI(0.993),FLUX(0.993),DGB(0.992),CELO(0.992),XRP(0.991),MLK(0.991),HAI(0.99),DODO(0.99)
BEPRO,MXW(0.995),BOSON(0.993),BOA(0.989),CAKE(0.987),PHA(0.986),REV(0.983),AKRO(0.983),KSM(0.983),HORD(0.982),KLV(0.981)
JST,CELO(0.99),XTZ(0.985),TRIAS(0.981),XRP(0.981),ADA(0.981),ENQ(0.981),TOMO(0.98),FRONT(0.98),DOT(0.979),AKRO(0.978)
PHA,COMP(0.989),MXW(0.987),PDEX(0.986),REV(0.986),REVV(0.986),ONT(0.986),BOA(0.985),XHV(0.985),BTC(0.985),COTI(0.984)
DODO,LTC(0.995),MLK(0.995),WOM(0.994),DGB(0.994),BNB(0.994),FLUX(0.994),UNI(0.993),XRP(0.992),ADA(0.991),SNX(0.99)
KRL,COMP(0.981),TOMO(0.978),KAT(0.971),LUNA(0.971),COTI(0.97),TEL(0.97),XRP(0.97),LTX(0.969),GHX(0.968),SKEY(0.968)
DEGO,COTI(0.99),PHA(0.989),LTX(0.989),TEL(0.988),ADA(0.988),XRP(0.986),REV(0.985),DGB(0.985),XMR(0.985),STC(0.984)
SHIB,XYM(0.997),CHZ(0.995),MLK(0.992),UNI(0.991),COTI(0.991),STC(0.991),XRP(0.991),ADA(0.991),GOVI(0.99),UOS(0.99)
EWT,MANA(0.947),KRL(0.94),HT(0.935),PLU(0.93),KCS(0.928),VIDT(0.928),STND(0.928),UOS(0.927),TOMO(0.924),ONE(0.924)
TKY,PUNDIX(0.981),LRC(0.973),LTC(0.972),CELO(0.972),DODO(0.971),GOVI(0.968),BNB(0.968),HAI(0.965),MLK(0.965),XHV(0.964)
ORAI,WOM(0.981),ARPA(0.981),HORD(0.98),KSM(0.98),ORAI(0.979),DGB(0.979),AKRO(0.978),UNI(0.977),TRIAS(0.977),BOA(0.976)
OXEN,CARR(0.951),POL(0.91),XDB(0.893),AVAX(0.891),KAI(0.884),LINK(0.876),AOA(0.876),SDT(0.873),USDJ(0.872),DIA(0.871)
TRIAS,UOS(0.991),LTC(0.99),KCS(0.988),BSV(0.987),FIL(0.985),FLUX(0.984),PUNDIX(0.983),GOVI(0.983),BNB(0.981),MLK(0.981)
BOA,LTX(0.987),COTI(0.986),XRP(0.984),XMR(0.984),ADA(0.984),TEL(0.983),TRIAS(0.982),AKRO(0.982),DAG(0.981),XHV(0.98)
MHC,MXW(0.99),REV(0.989),REVV(0.989),NWC(0.986),BOSON(0.985),PHA(0.985),CAKE(0.985),ZEC(0.984),AKRO(0.983),ONT(0.981)
ANC,BOSON(0.993),CAKE(0.989),REVV(0.983),ADA(0.982),KLV(0.981),LOC(0.981),GRT(0.981),MHC(0.98),DASH(0.98),WOM(0.98)
UMA,ONT(0.99),BOA(0.989),LTX(0.989),BOSON(0.987),CAKE(0.987),COTI(0.986),PHA(0.986),DOT(0.986),COMP(0.985),ADA(0.984)
GO,XCUR(0.982),KCS(0.978),HAI(0.97),UOS(0.964),BSV(0.962),VID(0.959),LRC(0.959),MIR(0.958),NIM(0.958),GRT(0.958)
SKEY,STX(0.947),STND(0.939),GAS(0.926),SHR(0.92),RLY(0.92),ETN(0.92),CUDOS(0.919),WIN(0.918),ONE(0.916),CAKE(0.915)
MAP,CAKE(0.972),BOA(0.971),DASH(0.967),REV(0.966),RLY(0.963),BOSON(0.962),DOT(0.962),GRT(0.962),ETH3S(0.961),AKRO(0.961)
CKB,FLUX(0.995),ADA(0.987),CELO(0.987),TEL(0.986),NEO(0.986),UOS(0.986),LTC(0.985),DOT(0.985),FORTH(0.985),MHC(0.984)
FRONT,UOS(0.981),LTX(0.98),REV(0.98),XTZ(0.977),EOSC(0.976),COTI(0.976),NOIA(0.976),DOT(0.976),RLY(0.975),XYM(0.975)
MITX,FLUX(0.99),WXT(0.986),XTZ(0.986),GOVI(0.985),CELO(0.981),BNB(0.98),PIVX(0.98),TRIAS(0.979),LTC(0.979),ADA(0.979)
PRE,GRT(0.98),EOSC(0.979),MHC(0.979),CAKE(0.977),ETN(0.977),DOT(0.976),KRL(0.975),XTZ(0.972),BOSON(0.971),CAS(0.971)
ARPA,XTZ(0.995),GOVI(0.994),LTC(0.993),NEO(0.99),TOWER(0.989),MHC(0.989),ADA(0.989),PIVX(0.989),CHZ(0.988),FIL(0.988)
BNB,CHZ(0.997),FIL(0.997),LTX(0.988),TEL(0.987),MHC(0.987),COTI(0.986),GMB(0.986),ADA(0.984),STC(0.983),DOT(0.983)
TEL,XMR(0.991),COMP(0.988),XYM(0.987),XTZ(0.986),CHZ(0.986),FIL(0.986),ADA(0.986),WEST(0.985),FLUX(0.984),COTI(0.983)
FIL,XYM(0.997),FIL(0.995),WEST(0.99),MHC(0.99),LTX(0.988),FLUX(0.988),UNI(0.987),COTI(0.987),GOVI(0.987),TEL(0.986)
FORTH,REV(0.99),PHA(0.986),PDEX(0.984),BOA(0.981),REVV(0.98),DOT(0.98),XTZ(0.979),BOSON(0.977),MXW(0.977),AKRO(0.977)
GSPI,MASK(0.963),COMP(0.932),SENSO(0.929),SKEY(0.929),BLOC(0.928),KAI(0.926),IOST(0.924),XMR(0.92),LTX(0.916),ORAI(0.915)
CBC,GOVI(0.983),WOM(0.976),MLK(0.976),PUNDIX(0.975),HORD(0.973),DGB(0.971),LTC(0.968),BNB(0.968),DODO(0.968),FLUX(0.968)
REV,MANA(0.929),PLU(0.914),ALGO(0.907),NIM(0.905),KCS(0.904),JAR(0.904),MIR(0.903),GRT(0.9),GO(0.899),BSV(0.897)
ORBS,LTX(0.984),LUNA(0.979),REV(0.976),COMP(0.976),EOSC(0.975),GHX(0.974),COTI(0.972),TEL(0.968),DOT(0.967),XMR(0.966)
XCUR,GO(0.982),VID(0.982),UOS(0.976),KCS(0.975),HAI(0.974),BSV(0.963),CRO(0.963),ETN(0.962),FIL(0.959),XTZ(0.956)
UBX,HAI(0.983),TKY(0.981),GOVI(0.978),LTC(0.977),SUTER(0.975),CIX100(0.974),FLUX(0.973),PIVX(0.972),NEO(0.968),MLK(0.968)
AMPL,MHC(0.984),FLUX(0.983),TOWER(0.982),WEST(0.982),CHZ(0.982),DOT(0.982),KSM(0.981),LTX(0.977),TRIAS(0.977),ADA(0.977)
POL,OXEN(0.91),AVAX(0.905),XDB(0.902),CARR(0.889),KAI(0.887),NWC(0.881),TARA(0.881),SUKU(0.878),WIN(0.876),FRM(0.875)
HT,ALGO(0.906),PMGT(0.878),STND(0.878),DMG(0.87),KDA(0.842),GO(0.839),NIM(0.839),MIR(0.837),LINK(0.834),PLU(0.834)
ALEPH,NEO(0.986),POLK(0.965),XTZ(0.963),PDEX(0.962),FORTH(0.962),FLUX(0.962),REVV(0.961),TOWER(0.96),DASH(0.96),MTV(0.959)
MAN,ZEC(0.977),REV(0.974),TEL(0.97),XMR(0.969),COTI(0.968),LTX(0.968),XTZ(0.968),KRL(0.967),FLUX(0.967),BOSON(0.966)
LON,ZEC(0.988),PHA(0.986),XTZ(0.984),ONT(0.984),REV(0.983),COMP(0.982),FLUX(0.981),BOA(0.978),NEO(0.978),ZEN(0.978)
STRONG,CARR(0.881),KDA(0.855),LINK(0.831),PMGT(0.827),OXEN(0.816),SRK(0.798),AVAX(0.773),SAND(0.763),SDT(0.754),UNFI(0.747)
DYP,PRE(0.984),DASH(0.971),IOST(0.966),BOA(0.966),DGB(0.965),WEST(0.964),PHA(0.963),HTR(0.962),SNX(0.961),ORAI(0.961)
VELO,TEL(0.991),WEST(0.989),CHZ(0.986),COMP(0.985),GHX(0.984),XYM(0.982),ZEC(0.98),FIL(0.98),GOVI(0.979),COTI(0.978)
XYM,MANA(0.941),SENSO(0.939),BTC3S(0.935),UOS(0.926),JAR(0.914),BSV(0.914),TOMO(0.91),KCS(0.907),PLU(0.906),VRA(0.905)
EOSC,MHC(0.986),NOIA(0.981),CHZ(0.981),RLY(0.979),LTX(0.979),XYM(0.978),KRL(0.976),WEST(0.975),REV(0.975),BLOC(0.975)
HAI,PDEX(0.988),BOA(0.984),REV(0.982),PHA(0.981),TEL(0.981),XMR(0.98),COMP(0.979),XTZ(0.978),BOSON(0.977),MKR(0.977)
RFOX,FLUX(0.989),CIX100(0.984),GOVI(0.982),LTC(0.982),NEO(0.98),XTZ(0.978),PDEX(0.977),MHC(0.976),TOWER(0.975),ACOIN(0.975)
KAI,TOWER(0.99),CHZ(0.99),WEST(0.989),FLUX(0.989),CAS(0.988),XYM(0.987),EOSC(0.986),XTZ(0.984),SUN(0.984),LOC(0.984)
DAG,GHX(0.981),STX(0.968),TEL(0.967),BLOC(0.965),KSM(0.961),ZEC(0.96),BOSON(0.959),XMR(0.959),LTX(0.958),CAKE(0.957)
WXT,DYP(0.984),DASH(0.965),BOA(0.963),REVV(0.96),IOST(0.959),PHA(0.955),MXW(0.952),WEST(0.951),SUTER(0.951),POLK(0.949)
TOWER,MHC(0.99),FLUX(0.989),XTZ(0.983),LOC(0.982),MTV(0.98),CIX100(0.98),KSM(0.979),WEST(0.978),CAS(0.977),NEO(0.977)
ICP,KAI(0.86),XDB(0.86),VRA(0.85),VAI(0.848),BOLT(0.841),MASK(0.839),VELO(0.838),SDT(0.837),TKY(0.825),OXEN(0.82)
SRK,UNFI(0.871),VIDT(0.832),CARR(0.83),GAS(0.821),BTC3S(0.818),PMGT(0.814),FRM(0.814),VRA(0.813),SUKU(0.803),AVAX(0.798)
GHX,DSLA(0.991),CHZ(0.99),MHC(0.989),XMR(0.989),TEL(0.985),XYM(0.982),LOC(0.982),FLUX(0.981),TOWER(0.978),LOCG(0.978)
NIM,XCUR(0.982),HAI(0.977),MTV(0.975),UOS(0.973),SUN(0.972),CRO(0.971),UMA(0.97),TOWER(0.968),FLUX(0.965),KCS(0.962)
VSYS,JAR(0.947),RLY(0.937),CAS(0.936),UOS(0.934),UMA(0.933),HAI(0.932),VID(0.927),MHC(0.925),FIL(0.925),XYM(0.924)
SWINGBY,MHC(0.984),XTZ(0.984),MTV(0.982),TOWER(0.977),FLUX(0.977),NOIA(0.976),KRL(0.975),VID(0.972),PIVX(0.972),REV(0.971)
MTV,SUN(0.982),TOWER(0.98),VID(0.975),XTZ(0.974),FLUX(0.969),MHC(0.968),CRO(0.968),NEO(0.965),FORTH(0.963),FCL(0.963)
REAP,SPI(0.958),DASH(0.925),SERO(0.923),DYP(0.92),NWC(0.919),PRE(0.912),BOA(0.91),TCP(0.909),FCL(0.901),WXT(0.897)
FLUX,BAT(0.87),REAP(0.867),PMGT(0.808),UNFI(0.806),STND(0.8),GAS(0.792),ALGO(0.783),SRK(0.775),NIM(0.773),LINK(0.772)
FKX,PIVX(0.984),FLUX(0.983),TOWER(0.98),ACOIN(0.979),GOVI(0.976),NEO(0.975),DSLA(0.975),WEST(0.974),PUNDIX(0.974),MHC(0.97)
SUKU,NOIA(0.992),GMB(0.989),ENJ(0.989),CBC(0.978),XYM(0.978),CAS(0.977),MHC(0.976),CHZ(0.974),KRL(0.972),VID(0.97)
WOM,GMB(0.979),UMA(0.978),ENJ(0.975),XYM(0.972),FIL(0.964),ORBS(0.962),NOIA(0.961),CHZ(0.961),CAS(0.959),TEL(0.958)
CARD,ACOIN(0.981),PDEX(0.978),ZEC(0.976),PHA(0.965),ONT(0.965),XTZ(0.964),BCH(0.963),COMP(0.96),SUN(0.959),XMR(0.957)
NOIA,UMA(0.992),GMB(0.986),ENJ(0.983),EOSC(0.981),MHC(0.981),KRL(0.976),CHZ(0.976),SUN(0.976),XYM(0.974),CAS(0.971)
LTX,KSM(0.97),WEST(0.965),DSLA(0.961),MHC(0.96),ZEC(0.96),BOSON(0.957),GMB(0.956),DAG(0.955),XMR(0.955),CAKE(0.955)
PDEX,UMA(0.989),NOIA(0.986),XYM(0.986),CHZ(0.983),CBC(0.979),ENJ(0.978),MHC(0.976),WEST(0.975),CAS(0.975),XMR(0.974)
LABS,TCP(0.984),MTV(0.963),ONT(0.956),SPI(0.951),PDEX(0.942),XTZ(0.941),SUN(0.941),TOWER(0.94),WXT(0.94),MHC(0.939)
CARR,WXT(0.965),BOA(0.96),NEO(0.96),ONT(0.96),LOC(0.958),ZEC(0.955),DYP(0.951),REVV(0.951),PDEX(0.95),PIVX(0.95)
PHNX,VID(0.971),ENJ(0.969),MTV(0.968),XCUR(0.963),UMA(0.961),CAS(0.955),CBC(0.953),SUN(0.952),TOWER(0.95),MHC(0.95)
TOKO,MHC(0.988),TOWER(0.977),UMA(0.977),XYM(0.976),ENJ(0.976),GMB(0.975),EOSC(0.973),WEST(0.973),CHZ(0.972),NOIA(0.971)
ACE,WEST(0.991),XMR(0.978),LOCG(0.977),CIX100(0.975),TOWER(0.974),TEL(0.974),MHC(0.974),CHZ(0.971),CAS(0.969),XYM(0.965)
SPI,TARA(0.958),FCL(0.951),BOA(0.948),NWC(0.944),TCP(0.94),DYP(0.937),PDEX(0.936),ONT(0.936),PRE(0.935),MXW(0.93)
GRIN,BAX(0.943),ACOIN(0.943),PIVX(0.938),TKY(0.929),PDEX(0.928),NEO(0.925),ZEN(0.925),ONT(0.925),CIX100(0.922),LTC(0.918)
CIX100,ZEN(0.981),CIX100(0.979),PIVX(0.975),BCH(0.973),PDEX(0.972),SUN(0.969),NOIA(0.967),WEST(0.967),FLUX(0.967),XTZ(0.964)
USDN,PRE(0.874),MASK(0.849),DYP(0.848),BOA(0.839),XDB(0.836),HTR(0.826),DASH(0.825),SKEY(0.825),KAI(0.824),POL(0.823)
REVV,ACOIN(0.973),PROPS(0.972),PDEX(0.968),NOIA(0.963),ZEN(0.963),SUN(0.962),EOSC(0.961),WEST(0.961),LOCG(0.96),ZEC(0.96)
RFUEL,TCP(0.962),CAS(0.942),RLY(0.941),MHC(0.935),TOWER(0.929),EOSC(0.928),GRT(0.923),FCL(0.917),SERO(0.916),KSM(0.916)
GOM2,CBC(0.962),UMA(0.961),ENJ(0.953),BRG(0.947),XCUR(0.946),NOIA(0.943),GMB(0.942),ACOIN(0.939),CRO(0.939),VID(0.937)
TCP,FCL(0.984),RFUEL(0.962),MTV(0.941),SPI(0.94),TOWER(0.933),MHC(0.932),EOSC(0.929),SERO(0.929),LAYER(0.927),LOC(0.924)
LYXe,WEST(0.978),XMR(0.977),DSLA(0.977),GMB(0.971),TEL(0.963),JST(0.962),BCH(0.96),CHZ(0.96),PROPS(0.958),UBXT(0.956)
LAYER,PROPS(0.982),QNT(0.97),EOSC(0.969),NOIA(0.969),CAS(0.969),ENJ(0.969),MHC(0.968),UMA(0.962),GMB(0.959),BLOC(0.958)
SHA,UMA(0.989),NOIA(0.983),CWS(0.978),GMB(0.978),CAS(0.976),CBC(0.975),UBXT(0.972),LAYER(0.969),CRO(0.969),MHC(0.963)
SUSD,ZIL(0.963),TKY(0.846),VRA(0.822),GO(0.812),PUNDIX(0.801),WXT(0.795),LRC(0.77),ALGO(0.762),CTI(0.762),NEO(0.761)
IDEA,XEM(0.954),VID(0.952),SUN(0.946),SYLO(0.937),MTV(0.929),ETC(0.928),UMA(0.924),NOIA(0.923),MHC(0.923),CAS(0.923)
EQZ,UMA(0.966),GMB(0.96),ENJ(0.959),NOIA(0.952),ORBS(0.947),XEM(0.947),ACOIN(0.946),VID(0.946),MKR(0.939),CIX100(0.938)
FRM,SERO(0.933),RLY(0.924),TCP(0.921),MTV(0.92),CAS(0.914),RFUEL(0.913),LOC(0.91),FCL(0.901),MHC(0.9),CAKE(0.898)
LYM,CAS(0.949),DAG(0.947),TOWER(0.947),MHC(0.934),DSLA(0.932),TEL(0.93),SUN(0.929),LAYER(0.928),KSM(0.924),MTV(0.921)
BOLT,ICP(0.841),PUNDIX(0.751),MANA(0.744),VAI(0.741),NIM(0.737),DODO(0.736),JAR(0.733),FTM(0.733),HAI(0.73),SUTER(0.728)
XDC,QNT(0.985),LAYER(0.982),BCH(0.972),EOSC(0.967),NOIA(0.967),POLX(0.967),ENJ(0.963),CWS(0.958),UBXT(0.958),LOCG(0.958)
DFI,POLX(0.94),PROPS(0.913),BCH(0.909),DERO(0.908),EOSC(0.903),QNT(0.901),NOIA(0.892),KRL(0.874),BNS(0.87),BLOC(0.864)
ENQ,EOS(0.906),LOCG(0.826),USDN(0.823),GSPI(0.813),BLOC(0.808),MASK(0.803),WIN(0.795),XMR(0.79),GMB(0.781),GHX(0.78)
LOCG,BNS(0.949),XSR(0.948),CTI(0.943),ACOIN(0.938),ONT(0.933),SYLO(0.928),ZEN(0.927),PDEX(0.926),PIVX(0.924),SUN(0.915)
POLK,VID(0.961),VET(0.954),BRG(0.947),UMA(0.939),ENJ(0.932),SUN(0.93),NOIA(0.92),CRO(0.92),MTV(0.915),XCUR(0.91)
PLU,SUSD(0.963),UNFI(0.75),TKY(0.744),WXT(0.725),GO(0.723),VRA(0.722),ALGO(0.716),SRK(0.707),BAT(0.694),CTI(0.694)
POLX,PROPS(0.985),LAYER(0.97),POLX(0.969),BCH(0.953),SYLO(0.948),NOIA(0.948),BNS(0.948),EOSC(0.944),LOCG(0.942),UBXT(0.937)
KAT,QNT(0.969),PROPS(0.967),NOIA(0.958),BNS(0.957),ENJ(0.956),BCH(0.952),UBXT(0.951),LAYER(0.945),DERO(0.945),DFI(0.94)
DSLA,CWS(0.984),UBXT(0.979),CAS(0.966),GMB(0.965),LOCG(0.962),ENJ(0.959),DSLA(0.956),WEST(0.951),CRV(0.95),UMA(0.949)
CAS,XEM(0.841),HT(0.837),MANA(0.793),XCUR(0.791),BAT(0.791),VID(0.787),GO(0.783),SHIB(0.775),ORBS(0.773),TOKO(0.763)
API3,ORBS(0.917),CIX100(0.879),VID(0.879),UMA(0.877),BRG(0.877),XCUR(0.875),HAI(0.875),PUNDIX(0.871),XEM(0.87),ACOIN(0.868)
SYLO,XSR(0.965),BNS(0.955),QNT(0.948),NOIA(0.945),LAYER(0.941),PROPS(0.94),SUN(0.937),VET(0.937),POLX(0.932),MHC(0.929)
CWS,UBXT(0.99),JST(0.984),ENJ(0.978),CAS(0.97),GMB(0.959),PROPS(0.958),UMA(0.957),LAYER(0.954),NOIA(0.952),CBC(0.945)
UBXT,CWS(0.99),JST(0.979),ENJ(0.972),GMB(0.961),PROPS(0.958),LOCG(0.956),NOIA(0.951),POLX(0.951),UMA(0.949),CBC(0.947)
STND,ACOIN(0.957),JST(0.95),BNS(0.944),ENJ(0.941),UBXT(0.94),CWS(0.936),LAYER(0.935),PROPS(0.934),CIX100(0.933),BRG(0.933)
GOVI,KDA(0.786),BEPRO(0.769),DAO(0.769),STRONG(0.72),BAT(0.709),PMGT(0.625),ALEPH(0.6),LINK(0.542),STND(0.541),DMG(0.536)
JAR,BNS(0.939),VET(0.928),PHNX(0.922),SYLO(0.921),MTV(0.915),CWS(0.91),JST(0.91),SUN(0.908),ENJ(0.907),CAS(0.905)
COMB,XSR(0.968),POLX(0.957),SYLO(0.955),BAX(0.949),QNT(0.948),CRV(0.944),ETC(0.939),BCH(0.938),ACOIN(0.935),PROPS(0.93)
SENSO,BNS(0.968),SYLO(0.965),BAX(0.948),QNT(0.934),SUSHI(0.93),POLX(0.923),BTT(0.921),LAYER(0.906),CRV(0.904),NOIA(0.902)
MSWAP,MKR(0.749),REAP(0.721),CIX100(0.718),NEO(0.707),POLK(0.703),XCUR(0.702),VID(0.7),WXT(0.692),BRG(0.691),PIVX(0.691)
HYDRA,XSR(0.921),BAX(0.866),USDC(0.857),BNS(0.85),QNT(0.849),POLX(0.84),SYLO(0.819),DERO(0.815),DFI(0.8),SUSHI(0.795)
LOC,ZEN(0.788),ZEC(0.775),PHA(0.756),ACOIN(0.751),MKR(0.751),PDEX(0.74),PRE(0.729),XDB(0.727),MASK(0.726),BAX(0.724)
STC,HYDRA(0.907),ETC(0.856),CARD(0.855),VET(0.849),VID(0.832),XCUR(0.823),XEM(0.817),CRO(0.808),GO(0.799),MTV(0.793)
USDJ,WAXP(0.907),EWT(0.858),PHNX(0.853),CARD(0.851),VET(0.843),GO(0.837),ETC(0.837),VID(0.831),XEM(0.82),MTV(0.819)
DERO,POLX(0.945),DFI(0.908),QNT(0.907),BNS(0.897),PROPS(0.889),SYLO(0.871),XSR(0.87),BCH(0.86),LAYER(0.85),NOIA(0.841)
FCL,ETC(0.922),CRV(0.913),XEM(0.901),BNS(0.896),SYLO(0.889),SUSHI(0.884),CWS(0.882),ENJ(0.877),VET(0.872),BTMX(0.868)
BNS,WAXP(0.855),HYDRA(0.851),EWT(0.833),XEM(0.815),PHNX(0.806),ALEPH(0.763),VID(0.763),ORBS(0.759),BTMX(0.754),XCUR(0.753)
VID,CKB(0.883),CRV(0.867),DSLA(0.846),JST(0.843),LOCG(0.822),BNS(0.821),ETC(0.817),SUSHI(0.815),UBXT(0.802),ARX(0.802)
USDC,BTT(0.857),ZEE(0.732),XSR(0.732),GOM2(0.707),SUSHI(0.628),BAX(0.616),SYLO(0.606),BNS(0.555),QNT(0.554),DERO(0.537)
FORESTPLUS,XSR(0.93),BNS(0.915),CRV(0.902),SYLO(0.897),PHNX(0.884),JST(0.88),UBXT(0.874),QNT(0.874),CWS(0.867),POLX(0.86)
DAO,AAVE(0.955),CWS(0.877),BTMX(0.876),SUSHI(0.857),UBXT(0.854),LON(0.851),PHNX(0.827),JST(0.816),ENJ(0.81),LAYER(0.791)
MIR,DAO(1.0),PCX(0.769),KDA(0.515),STRONG(0.494),BAT(0.296),ALEPH(0.295),PMGT(0.237),DMG(0.205),CARR(0.159),LINK(0.151)
SUN,DAO(1.0),PCX(0.769),KDA(0.515),STRONG(0.494),BAT(0.296),ALEPH(0.295),PMGT(0.237),DMG(0.205),CARR(0.159),LINK(0.151)
ARX,GOM2(0.859),BTMX(0.762),SUSHI(0.75),CRV(0.741),ORBS(0.741),CARD(0.733),PHNX(0.732),BNS(0.706),EWT(0.691),UBXT(0.678)
PCX,VSYS(0.955),BTMX(0.87),LON(0.854),CWS(0.835),UBXT(0.817),SUSHI(0.79),JST(0.786),PHNX(0.753),ENJ(0.737),ETC(0.715)
BAX,AAVE(0.854),VSYS(0.851),DERO(0.804),SUSHI(0.788),UBXT(0.776),POLX(0.774),CWS(0.745),QNT(0.734),DFI(0.711),PROPS(0.707)
CTI,cUSD(0.859),SUSHI(0.839),XSR(0.792),BNS(0.744),BTT(0.73),USDC(0.707),PHNX(0.699),ETC(0.697),CRV(0.69),JST(0.688)
ZEE,USDC(0.732),BTT(0.655),GOM2(0.607),XSR(0.593),SUSHI(0.55),THETA(0.548),XEM(0.51),VET(0.491),SYLO(0.49),BAX(0.486)
MXW,VSYS(0.876),AAVE(0.87),PHNX(0.868),SUSHI(0.789),cUSD(0.762),CARD(0.754),CWS(0.746),UBXT(0.746),CRV(0.72),EWT(0.718)
SDT,NANO(1.0),LINK(-0.0),RFUEL(-0.0),CWS(-0.0),MSWAP(-0.0),LAYER(0.0),EOSC(0.0),NWC(0.0),KLV(0.0),BOLT(-0.0)
BCHA,LINK(0.0),RFUEL(0.0),CWS(0.0),MSWAP(0.0),LAYER(-0.0),EOSC(-0.0),NWC(-0.0),KLV(-0.0),BOLT(0.0),SYLO(0.0)
PROPS,NANO(1.0),LINK(-0.0),RFUEL(-0.0),CWS(-0.0),MSWAP(-0.0),LAYER(0.0),EOSC(0.0),NWC(0.0),KLV(0.0),BOLT(-0.0)
HORD,ETH(0.883),SUSHI(0.605),CRV(0.591),DSLA(0.565),ETC(0.56),BNS(0.559),JST(0.555),POLK(0.549),GOM2(0.531),LOCG(0.525)
XSR,HYDRA(0.547),CARD(0.474),THETA(0.416),EWT(0.392),BTMX(0.383),ETH3L(0.328),WAXP(0.319),MSWAP(0.304),ALEPH(0.304),PHNX(0.3)
CGG,ETH3L(0.825),TRX(0.772),CARD(0.658),WAXP(0.63),HYDRA(0.558),BTMX(0.551),ZEE(0.548),ALEPH(0.514),PHNX(0.5),VSYS(0.498)
FLy,ETH3L(0.865),THETA(0.772),WAXP(0.6),HYDRA(0.519),ETC(0.455),CARD(0.422),FLy(0.405),PHNX(0.396),GOM2(0.369),AAVE(0.337)
WEST,TRX(0.865),THETA(0.825),CARD(0.623),WAXP(0.561),HYDRA(0.483),cUSD(0.455),BTMX(0.454),GOM2(0.439),PHNX(0.4),ZEE(0.375)
DAPPT,BEPRO(0.038),DAO(0.038),BCHA(-0.0),DEGO(0.0),NANO(0.0),WAVES(-0.021),ETH3L(-0.084),TRX(-0.115),CKB(-0.137),PCX(-0.161)